work_id,type,url,caption,sort
poster-2026-kyuto31,still,/assets/works/poster-2026-kyuto31/01-main.jpeg,,1
poster-2026-kyuto31,still,/assets/works/poster-2026-kyuto31/02-kyutoturns31.jpeg,,2
poster-2026-kyuto31,still,/assets/works/poster-2026-kyuto31/03-kyuto3.jpeg,,3
poster-2026-kyuto31,still,/assets/works/poster-2026-kyuto31/04-cherry-horizontal.jpeg,,4
poster-2026-kyuto31,still,/assets/works/poster-2026-kyuto31/05-tostitos.jpeg,,5
poster-2026-kyuto31,still,/assets/works/poster-2026-kyuto31/06-ice-cream.jpeg,,6
poster-2025-kyuto30,still,/assets/works/poster-2025-kyuto30/01-main.jpeg,,1
poster-2025-kyuto30,still,/assets/works/poster-2025-kyuto30/02-poster-page-1.jpeg,,2
poster-2025-kyuto30,still,/assets/works/poster-2025-kyuto30/03-poster-page-3.jpeg,,3
poster-2025-kyuto30,still,/assets/works/poster-2025-kyuto30/04-poster-page-4.jpeg,,4
poster-2025-hanni,still,/assets/works/poster-2025-hanni/01-cucumber.jpeg,,1
poster-2025-hanni,still,/assets/works/poster-2025-hanni/02-celebration-lp.jpeg,,2
poster-2025-hanni,still,/assets/works/poster-2025-hanni/03-dugon-lp.jpeg,,3
poster-2025-hanni,still,/assets/works/poster-2025-hanni/04-fortune-cookie.jpeg,,4
poster-2025-hanni,still,/assets/works/poster-2025-hanni/05-sticker-sheet.jpeg,,5
poster-2025-hanni,still,/assets/works/poster-2025-hanni/06-reference-sheet.jpeg,,6
babymonster-choom-album,still,https://i.pinimg.com/736x/73/c6/a3/73c6a3cdfb860a65c64680bdada10a14.jpg,,1
babymonster-choom-album,still,https://i.pinimg.com/736x/4f/e8/d5/4fe8d5549a585d74af25db1db208a430.jpg,,2
album-cover-lack,still,/assets/works/album-cover-lack/01-main.png,,1
album-cover-crane,still,/assets/works/album-cover-crane/01-main.jpg,,1
album-cover-laegyu,still,/assets/works/album-cover-laegyu/01-main.png,,1
babymonster-choom,still,/assets/works/babymonster-choom/01-main.jpg,,1
babymonster-choom,still,/assets/works/babymonster-choom/02-img-9836.jpg,,2
babymonster-choom,still,/assets/works/babymonster-choom/03-img-9838.jpg,,3
babymonster-choom,still,/assets/works/babymonster-choom/04-img-9839.jpg,,4
babymonster-choom,still,/assets/works/babymonster-choom/05-img-9852.jpg,,5
babymonster-choom,still,/assets/works/babymonster-choom/06-img-9853.jpg,,6
babymonster-choom,still,/assets/works/babymonster-choom/07-img-9859.jpg,,7
babymonster-choom,still,/assets/works/babymonster-choom/08-img-9863.jpg,,8
babymonster-choom,still,/assets/works/babymonster-choom/09-img-9866.jpg,,9
babymonster-choom,still,/assets/works/babymonster-choom/10-img-9867.jpg,,10
babymonster-choom,still,/assets/works/babymonster-choom/11-img-9869.jpg,,11
babymonster-choom,still,/assets/works/babymonster-choom/12-img-9872-2.jpg,,12
babymonster-choom,still,/assets/works/babymonster-choom/13-img-9873.jpg,,13
babymonster-choom,still,/assets/works/babymonster-choom/14-img-9876.jpg,,14
babymonster-choom,still,/assets/works/babymonster-choom/15-img-9877.jpg,,15
babymonster-choom,still,/assets/works/babymonster-choom/16-img-9880.jpg,,16
babymonster-choom,still,/assets/works/babymonster-choom/17-img-9881.jpg,,17
babymonster-choom,still,/assets/works/babymonster-choom/18-img-9884.jpg,,18
babymonster-psycho,still,/assets/works/babymonster-psycho/01-main.jpg,,1
babymonster-psycho,still,/assets/works/babymonster-psycho/02-img-9914.jpg,,2
babymonster-psycho,still,/assets/works/babymonster-psycho/03-img-9916.jpg,,3
babymonster-psycho,still,/assets/works/babymonster-psycho/04-img-9917.jpg,,4
babymonster-psycho,still,/assets/works/babymonster-psycho/05-img-9918.jpg,,5
babymonster-psycho,still,/assets/works/babymonster-psycho/06-img-9919.jpg,,6
babymonster-psycho,still,/assets/works/babymonster-psycho/07-img-9920.jpg,,7
babymonster-psycho,still,/assets/works/babymonster-psycho/08-img-9923.jpg,,8
babymonster-psycho,still,/assets/works/babymonster-psycho/09-img-9924.jpg,,9
babymonster-psycho,still,/assets/works/babymonster-psycho/10-img-9927.jpg,,10
babymonster-psycho,still,/assets/works/babymonster-psycho/11-img-9930.jpg,,11
babymonster-psycho,still,/assets/works/babymonster-psycho/12-img-9937.jpg,,12
babymonster-psycho,still,/assets/works/babymonster-psycho/13-img-9942.jpg,,13
babymonster-psycho,still,/assets/works/babymonster-psycho/14-img-9948.jpg,,14
babymonster-psycho,still,/assets/works/babymonster-psycho/15-img-9951.jpg,,15
babymonster-psycho,still,/assets/works/babymonster-psycho/16-img-9952.jpg,,16
babymonster-psycho,still,/assets/works/babymonster-psycho/17-img-9954.jpg,,17
babymonster-psycho,still,/assets/works/babymonster-psycho/18-img-9955.jpg,,18
babymonster-psycho,still,/assets/works/babymonster-psycho/19-img-9961.jpg,,19
babymonster-psycho,still,/assets/works/babymonster-psycho/20-img-9962.jpg,,20
babymonster-psycho,still,/assets/works/babymonster-psycho/21-img-9965.jpg,,21
babymonster-psycho,still,/assets/works/babymonster-psycho/22-img-9966.jpg,,22
babymonster-psycho,still,/assets/works/babymonster-psycho/23-img-9967.jpg,,23
babymonster-psycho-pv,still,/assets/works/babymonster-psycho-pv/01-main.jpg,,1
babymonster-psycho-pv,still,/assets/works/babymonster-psycho-pv/02-img-9885.jpg,,2
babymonster-psycho-pv,still,/assets/works/babymonster-psycho-pv/03-img-9888.jpg,,3
babymonster-psycho-pv,still,/assets/works/babymonster-psycho-pv/04-img-9889.jpg,,4
babymonster-psycho-pv,still,/assets/works/babymonster-psycho-pv/05-img-9892.jpg,,5
babymonster-psycho-pv,still,/assets/works/babymonster-psycho-pv/06-img-9894.jpg,,6
babymonster-psycho-pv,still,/assets/works/babymonster-psycho-pv/07-img-9900.jpg,,7
babymonster-psycho-pv,still,/assets/works/babymonster-psycho-pv/08-img-9902.jpg,,8
babymonster-psycho-pv,still,/assets/works/babymonster-psycho-pv/09-img-9911.jpg,,9
babymonster-we-go-up,still,/assets/works/babymonster-we-go-up/01-main.jpg,,1
babymonster-we-go-up,still,/assets/works/babymonster-we-go-up/02-img-9970.jpg,,2
babymonster-we-go-up,still,/assets/works/babymonster-we-go-up/03-img-9973.jpg,,3
babymonster-we-go-up,still,/assets/works/babymonster-we-go-up/04-img-9974.jpg,,4
babymonster-we-go-up,still,/assets/works/babymonster-we-go-up/05-img-9978.jpg,,5
babymonster-we-go-up,still,/assets/works/babymonster-we-go-up/06-img-9979.jpg,,6
babymonster-we-go-up,still,/assets/works/babymonster-we-go-up/07-img-9982.jpg,,7
babymonster-we-go-up,still,/assets/works/babymonster-we-go-up/08-img-9988.jpg,,8
babymonster-we-go-up,still,/assets/works/babymonster-we-go-up/09-img-9995.jpg,,9
babymonster-we-go-up,still,/assets/works/babymonster-we-go-up/10-img-9998.jpg,,10
babymonster-we-go-up,still,/assets/works/babymonster-we-go-up/11-img-0001.jpg,,11
babymonster-we-go-up,still,/assets/works/babymonster-we-go-up/12-img-0003.jpg,,12
babymonster-we-go-up,still,/assets/works/babymonster-we-go-up/13-img-0005.jpg,,13
babymonster-we-go-up,still,/assets/works/babymonster-we-go-up/14-img-0007.jpg,,14
babymonster-we-go-up,still,/assets/works/babymonster-we-go-up/15-img-0009.jpg,,15
babymonster-we-go-up-album,still,https://i.pinimg.com/736x/bc/67/ab/bc67ab391e677a71c533723b014e6fe3.jpg,,1
babymonster-hot-sauce,still,/assets/works/babymonster-hot-sauce/01-main.jpg,,1
babymonster-hot-sauce,still,/assets/works/babymonster-hot-sauce/02-img-0093.jpg,,2
babymonster-hot-sauce,still,/assets/works/babymonster-hot-sauce/03-img-0100.jpg,,3
babymonster-hot-sauce,still,/assets/works/babymonster-hot-sauce/04-img-0104.jpg,,4
babymonster-hot-sauce,still,/assets/works/babymonster-hot-sauce/05-img-0111.jpg,,5
babymonster-hot-sauce,still,/assets/works/babymonster-hot-sauce/06-img-0112.jpg,,6
babymonster-hot-sauce,still,/assets/works/babymonster-hot-sauce/07-img-0117.jpg,,7
babymonster-hot-sauce,still,/assets/works/babymonster-hot-sauce/08-img-0129.jpg,,8
babymonster-hot-sauce,still,/assets/works/babymonster-hot-sauce/09-img-0133.jpg,,9
babymonster-hot-sauce,still,/assets/works/babymonster-hot-sauce/10-img-0143.jpg,,10
babymonster-really-like-you,still,/assets/works/babymonster-really-like-you/01-main.jpg,,1
babymonster-really-like-you,still,/assets/works/babymonster-really-like-you/02-img-0028.jpg,,2
babymonster-really-like-you,still,/assets/works/babymonster-really-like-you/03-img-0029.jpg,,3
babymonster-really-like-you,still,/assets/works/babymonster-really-like-you/04-img-0040.jpg,,4
babymonster-really-like-you,still,/assets/works/babymonster-really-like-you/05-img-0043.jpg,,5
babymonster-really-like-you,still,/assets/works/babymonster-really-like-you/06-img-0047.jpg,,6
babymonster-really-like-you,still,/assets/works/babymonster-really-like-you/07-img-0050.jpg,,7
babymonster-really-like-you,still,/assets/works/babymonster-really-like-you/08-img-0055.jpg,,8
babymonster-really-like-you,still,/assets/works/babymonster-really-like-you/09-img-0066.jpg,,9
babymonster-really-like-you,still,/assets/works/babymonster-really-like-you/10-img-0071.jpg,,10
babymonster-really-like-you,still,/assets/works/babymonster-really-like-you/11-img-0074.jpg,,11
babymonster-really-like-you,still,/assets/works/babymonster-really-like-you/12-img-0078.jpg,,12
babymonster-really-like-you,still,/assets/works/babymonster-really-like-you/13-img-0086.jpg,,13
blackpink-go,still,/assets/works/blackpink-go/01-main.jpg,,1
blackpink-go,still,/assets/works/blackpink-go/02.jpg,,2
blackpink-go,still,/assets/works/blackpink-go/03.jpg,,3
blackpink-go,still,/assets/works/blackpink-go/04.jpg,,4
blackpink-go,still,/assets/works/blackpink-go/05.jpg,,5
blackpink-go,still,/assets/works/blackpink-go/06.jpg,,6
blackpink-go,still,/assets/works/blackpink-go/07.jpg,,7
blackpink-go,still,/assets/works/blackpink-go/08.jpg,,8
blackpink-go,still,/assets/works/blackpink-go/09.jpg,,9
blackpink-go,still,/assets/works/blackpink-go/10-img-1867.jpg,,10
blackpink-go,still,/assets/works/blackpink-go/11-img-1870.jpg,,11
blackpink-go,still,/assets/works/blackpink-go/12-img-1872.jpg,,12
blackpink-go,still,/assets/works/blackpink-go/13-img-1873.jpg,,13
blackpink-go,still,/assets/works/blackpink-go/14-img-1875.jpg,,14
blackpink-go,still,/assets/works/blackpink-go/15-img-9806.jpg,,15
blackpink-go,still,/assets/works/blackpink-go/16-img-9812.jpg,,16
blackpink-go,still,/assets/works/blackpink-go/17-last.jpg,,17
babymonster-ilikeit,still,/assets/works/babymonster-ilikeit/01-main.jpg,,1
babymonster-ilikeit,still,/assets/works/babymonster-ilikeit/02-img-9712.jpg,,2
babymonster-ilikeit,still,/assets/works/babymonster-ilikeit/03-img-9713.jpg,,3
babymonster-ilikeit,still,/assets/works/babymonster-ilikeit/04-img-9714.jpg,,4
babymonster-ilikeit,still,/assets/works/babymonster-ilikeit/05-img-9719.jpg,,5
babymonster-ilikeit,still,/assets/works/babymonster-ilikeit/06-img-9720.jpg,,6
babymonster-ilikeit,still,/assets/works/babymonster-ilikeit/07-img-9724.jpg,,7
babymonster-ilikeit,still,/assets/works/babymonster-ilikeit/08-img-9725.jpg,,8
babymonster-ilikeit,still,/assets/works/babymonster-ilikeit/09-img-9727.jpg,,9
babymonster-ilikeit,still,/assets/works/babymonster-ilikeit/10-img-9728.jpg,,10
babymonster-ilikeit,still,/assets/works/babymonster-ilikeit/11-img-9731.jpg,,11
babymonster-ilikeit,still,/assets/works/babymonster-ilikeit/12-img-9736.jpg,,12
babymonster-ilikeit,still,/assets/works/babymonster-ilikeit/13-img-9738.jpg,,13
babymonster-ilikeit,still,/assets/works/babymonster-ilikeit/14-img-9745.jpg,,14
babymonster-ilikeit,still,/assets/works/babymonster-ilikeit/15-img-9748.jpg,,15
babymonster-ilikeit,still,/assets/works/babymonster-ilikeit/16-img-9751.jpg,,16
babymonster-ilikeit,still,/assets/works/babymonster-ilikeit/17-img-9755.jpg,,17
babymonster-ilikeit,still,/assets/works/babymonster-ilikeit/18-img-9759.jpg,,18
babymonster-ilikeit,still,/assets/works/babymonster-ilikeit/19-img-9761.jpg,,19
babymonster-ilikeit,still,/assets/works/babymonster-ilikeit/20-img-9763.jpg,,20
babymonster-ilikeit,still,/assets/works/babymonster-ilikeit/21-img-9764.jpg,,21
enhypen-romance-untold-daydream,still,/assets/works/enhypen-romance-untold-daydream/01-main.webp,,1
enhypen-romance-untold-daydream,still,/assets/works/enhypen-romance-untold-daydream/02.webp,,2
enhypen-romance-untold-daydream,still,/assets/works/enhypen-romance-untold-daydream/03.webp,,3
enhypen-romance-untold-daydream,still,/assets/works/enhypen-romance-untold-daydream/04.webp,,4
enhypen-romance-untold-daydream,still,/assets/works/enhypen-romance-untold-daydream/05.webp,,5
enhypen-romance-untold-daydream,still,/assets/works/enhypen-romance-untold-daydream/06.webp,,6
enhypen-romance-untold-daydream,still,/assets/works/enhypen-romance-untold-daydream/07.webp,,7
enhypen-romance-untold-daydream,still,/assets/works/enhypen-romance-untold-daydream/08.webp,,8
enhypen-romance-untold-daydream,still,/assets/works/enhypen-romance-untold-daydream/09.webp,,9
enhypen-romance-untold-daydream,still,/assets/works/enhypen-romance-untold-daydream/10.webp,,10
enhypen-romance-untold-daydream,still,/assets/works/enhypen-romance-untold-daydream/11.webp,,11
enhypen-romance-untold-daydream,still,/assets/works/enhypen-romance-untold-daydream/12.webp,,12
enhypen-romance-untold-daydream,still,/assets/works/enhypen-romance-untold-daydream/13.webp,,13
enhypen-romance-untold-daydream,still,/assets/works/enhypen-romance-untold-daydream/14.webp,,14
enhypen-romance-untold-daydream,still,/assets/works/enhypen-romance-untold-daydream/15.webp,,15
enhypen-romance-untold-daydream,still,/assets/works/enhypen-romance-untold-daydream/16.webp,,16
enhypen-romance-untold-daydream,still,/assets/works/enhypen-romance-untold-daydream/17.webp,,17
enhypen-romance-untold-daydream,still,/assets/works/enhypen-romance-untold-daydream/18.webp,,18
enhypen-romance-untold-daydream,still,/assets/works/enhypen-romance-untold-daydream/19.webp,,19
enhypen-romance-untold-daydream,still,/assets/works/enhypen-romance-untold-daydream/20.webp,,20
enhypen-romance-untold-daydream,still,/assets/works/enhypen-romance-untold-daydream/21.webp,,21
enhypen-romance-untold-daydream,still,/assets/works/enhypen-romance-untold-daydream/22.webp,,22
enhypen-romance-untold-daydream,still,/assets/works/enhypen-romance-untold-daydream/23.webp,,23
enhypen-romance-untold-daydream,still,/assets/works/enhypen-romance-untold-daydream/24.webp,,24
enhypen-romance-untold-daydream,still,/assets/works/enhypen-romance-untold-daydream/25.webp,,25
enhypen-romance-untold-daydream,still,/assets/works/enhypen-romance-untold-daydream/26.webp,,26
enhypen-romance-untold-daydream,still,/assets/works/enhypen-romance-untold-daydream/27.webp,,27
enhypen-romance-untold-daydream,still,/assets/works/enhypen-romance-untold-daydream/28.webp,,28
enhypen-romance-untold-daydream,still,/assets/works/enhypen-romance-untold-daydream/29.webp,,29
enhypen-romance-untold-daydream,still,/assets/works/enhypen-romance-untold-daydream/30.webp,,30
enhypen-romance-untold-daydream,still,/assets/works/enhypen-romance-untold-daydream/31.webp,,31
enhypen-romance-untold-daydream,still,/assets/works/enhypen-romance-untold-daydream/32.webp,,32
enhypen-romance-untold-daydream,still,/assets/works/enhypen-romance-untold-daydream/33.webp,,33
enhypen-romance-untold-daydream,still,/assets/works/enhypen-romance-untold-daydream/34.webp,,34
enhypen-romance-untold-daydream,still,/assets/works/enhypen-romance-untold-daydream/35.webp,,35
enhypen-romance-untold-daydream,still,/assets/works/enhypen-romance-untold-daydream/36.webp,,36
enhypen-romance-untold-album,still,/assets/works/enhypen-romance-untold-album/01-main.webp,,1
enhypen-romance-untold-album,still,/assets/works/enhypen-romance-untold-album/02.webp,,2
enhypen-romance-untold-album,still,/assets/works/enhypen-romance-untold-album/03.webp,,3
enhypen-romance-untold-album,still,/assets/works/enhypen-romance-untold-album/04.webp,,4
enhypen-romance-untold-album,still,/assets/works/enhypen-romance-untold-album/05.webp,,5
enhypen-romance-untold-album,still,/assets/works/enhypen-romance-untold-album/06.webp,,6
enhypen-romance-untold-album,still,/assets/works/enhypen-romance-untold-album/07.webp,,7
enhypen-romance-untold-album,still,/assets/works/enhypen-romance-untold-album/08.webp,,8
enhypen-romance-untold-album,still,/assets/works/enhypen-romance-untold-album/09.webp,,9
enhypen-romance-untold-album,still,/assets/works/enhypen-romance-untold-album/10.webp,,10
enhypen-romance-untold-album,still,/assets/works/enhypen-romance-untold-album/11.webp,,11
enhypen-romance-untold-album,still,/assets/works/enhypen-romance-untold-album/12.webp,,12
enhypen-romance-untold-album,still,/assets/works/enhypen-romance-untold-album/13.webp,,13
enhypen-romance-untold-album,still,/assets/works/enhypen-romance-untold-album/14.webp,,14
enhypen-romance-untold-album,still,/assets/works/enhypen-romance-untold-album/15.webp,,15
enhypen-romance-untold-album,still,/assets/works/enhypen-romance-untold-album/16.webp,,16
enhypen-romance-untold-album,still,/assets/works/enhypen-romance-untold-album/17.webp,,17
enhypen-romance-untold-album,still,/assets/works/enhypen-romance-untold-album/18.webp,,18
enhypen-romance-untold-album,still,/assets/works/enhypen-romance-untold-album/19.webp,,19
enhypen-romance-untold-album,still,/assets/works/enhypen-romance-untold-album/20.webp,,20
enhypen-romance-untold-album,still,/assets/works/enhypen-romance-untold-album/21.webp,,21
enhypen-romance-untold-album,still,/assets/works/enhypen-romance-untold-album/22.webp,,22
enhypen-romance-untold-album,still,/assets/works/enhypen-romance-untold-album/23.webp,,23
enhypen-romance-untold-album,still,/assets/works/enhypen-romance-untold-album/24.webp,,24
enhypen-romance-untold-album,still,/assets/works/enhypen-romance-untold-album/25.webp,,25
enhypen-romance-untold-album,still,/assets/works/enhypen-romance-untold-album/26.webp,,26
enhypen-romance-untold-album,still,/assets/works/enhypen-romance-untold-album/27.webp,,27
enhypen-romance-untold-album,still,/assets/works/enhypen-romance-untold-album/28.jpeg,,28
enhypen-romance-untold-album,still,/assets/works/enhypen-romance-untold-album/29.jpeg,,29
enhypen-romance-untold-album,still,/assets/works/enhypen-romance-untold-album/30.jpg,,30
enhypen-romance-untold-album,still,/assets/works/enhypen-romance-untold-album/31.jpeg,,31
enhypen-romance-untold-album,still,/assets/works/enhypen-romance-untold-album/32.jpeg,,32
enhypen-romance-untold-album,still,/assets/works/enhypen-romance-untold-album/33.jpeg,,33
enhypen-romance-untold-album,still,/assets/works/enhypen-romance-untold-album/34.jpeg,,34
enhypen-romance-untold-album,still,/assets/works/enhypen-romance-untold-album/35.jpeg,,35
enhypen-romance-untold-album,still,/assets/works/enhypen-romance-untold-album/36.jpeg,,36
enhypen-romance-untold-album,still,/assets/works/enhypen-romance-untold-album/37.jpeg,,37
enhypen-romance-untold-album,still,/assets/works/enhypen-romance-untold-album/38.jpeg,,38
enhypen-romance-untold-album,still,/assets/works/enhypen-romance-untold-album/39.jpeg,,39
enhypen-romance-untold-album,still,/assets/works/enhypen-romance-untold-album/40.jpeg,,40
enhypen-romance-untold-album,still,/assets/works/enhypen-romance-untold-album/41.jpeg,,41
enhypen-romance-untold-album,still,/assets/works/enhypen-romance-untold-album/42.jpeg,,42
enhypen-romance-untold-album,still,/assets/works/enhypen-romance-untold-album/43.jpeg,,43
enhypen-romance-untold-album,still,/assets/works/enhypen-romance-untold-album/44.jpeg,,44
enhypen-romance-untold-album,still,/assets/works/enhypen-romance-untold-album/45.jpeg,,45
enhypen-romance-untold-album,still,/assets/works/enhypen-romance-untold-album/46.jpeg,,46
enhypen-romance-untold-album,still,/assets/works/enhypen-romance-untold-album/47.jpeg,,47
enhypen-romance-untold-album,still,/assets/works/enhypen-romance-untold-album/48.jpeg,,48
enhypen-romance-untold-album,still,/assets/works/enhypen-romance-untold-album/49.jpeg,,49
enhypen-romance-untold-album,still,/assets/works/enhypen-romance-untold-album/50.jpeg,,50
enhypen-romance-untold-album,still,/assets/works/enhypen-romance-untold-album/51.jpeg,,51
enhypen-romance-untold-album,still,/assets/works/enhypen-romance-untold-album/52.jpeg,,52
enhypen-romance-untold-album,still,/assets/works/enhypen-romance-untold-album/53.jpeg,,53
enhypen-romance-untold-album,still,/assets/works/enhypen-romance-untold-album/54.jpeg,,54
enhypen-romance-untold-album,still,/assets/works/enhypen-romance-untold-album/55.jpeg,,55
enhypen-romance-untold-album,still,/assets/works/enhypen-romance-untold-album/56.jpeg,,56
enhypen-romance-untold-album,still,/assets/works/enhypen-romance-untold-album/57.jpeg,,57
enhypen-romance-untold-album,still,/assets/works/enhypen-romance-untold-album/58.jpeg,,58
enhypen-romance-untold-album,still,/assets/works/enhypen-romance-untold-album/59.jpeg,,59
enhypen-romance-untold-album,still,/assets/works/enhypen-romance-untold-album/60.jpeg,,60
enhypen-romance-untold-album,still,/assets/works/enhypen-romance-untold-album/61.jpeg,,61
enhypen-romance-untold-album,still,/assets/works/enhypen-romance-untold-album/62.jpeg,,62
enhypen-romance-untold-album,still,/assets/works/enhypen-romance-untold-album/63.jpeg,,63
babymonster-billionaire-pv,still,/assets/works/babymonster-billionaire/01-00m27s.jpg,,1
babymonster-billionaire-pv,still,/assets/works/babymonster-billionaire/02-00m35s.jpg,,2
babymonster-billionaire-pv,still,/assets/works/babymonster-billionaire/03-01m06s.jpg,,3
babymonster-billionaire-pv,still,/assets/works/babymonster-billionaire/04-01m30s.jpg,,4
babymonster-billionaire-pv,still,/assets/works/babymonster-billionaire/05-02m35s.jpg,,5
enhypen-daydream,still,/assets/works/enhypen-daydream/01-main.jpg,,1
enhypen-daydream,still,/assets/works/enhypen-daydream/02-00m07s.jpg,,2
enhypen-daydream,still,/assets/works/enhypen-daydream/03-00m11s.jpg,,3
enhypen-daydream,still,/assets/works/enhypen-daydream/04-00m16s.jpg,,4
enhypen-daydream,still,/assets/works/enhypen-daydream/05-00m18s.jpg,,5
enhypen-daydream,still,/assets/works/enhypen-daydream/06-00m24s.jpg,,6
enhypen-daydream,still,/assets/works/enhypen-daydream/07-00m27s.jpg,,7
enhypen-daydream,still,/assets/works/enhypen-daydream/08-00m32s.jpg,,8
enhypen-daydream,still,/assets/works/enhypen-daydream/09-00m36s.jpg,,9
enhypen-daydream,still,/assets/works/enhypen-daydream/10-00m38s.jpg,,10
enhypen-daydream,still,/assets/works/enhypen-daydream/11-00m41s.jpg,,11
enhypen-daydream,still,/assets/works/enhypen-daydream/12-00m46s.jpg,,12
enhypen-daydream,still,/assets/works/enhypen-daydream/13-00m47s.jpg,,13
enhypen-daydream,still,/assets/works/enhypen-daydream/14-00m54s.jpg,,14
enhypen-daydream,still,/assets/works/enhypen-daydream/15-00m57s.jpg,,15
enhypen-daydream,still,/assets/works/enhypen-daydream/16-01m04s.jpg,,16
enhypen-daydream,still,/assets/works/enhypen-daydream/17-01m10s.jpg,,17
enhypen-daydream,still,/assets/works/enhypen-daydream/18-01m11s.jpg,,18
enhypen-daydream,still,/assets/works/enhypen-daydream/19-01m17s.jpg,,19
enhypen-brought-the-heat-back,still,/assets/works/enhypen-brought-the-heat-back/01-main.jpg,,1
enhypen-brought-the-heat-back,still,/assets/works/enhypen-brought-the-heat-back/02-00m09s.jpg,,2
enhypen-brought-the-heat-back,still,/assets/works/enhypen-brought-the-heat-back/03-00m33s.jpg,,3
enhypen-brought-the-heat-back,still,/assets/works/enhypen-brought-the-heat-back/04-00m39s.jpg,,4
enhypen-brought-the-heat-back,still,/assets/works/enhypen-brought-the-heat-back/05-00m47s.jpg,,5
enhypen-brought-the-heat-back,still,/assets/works/enhypen-brought-the-heat-back/06-01m00s.jpg,,6
enhypen-brought-the-heat-back,still,/assets/works/enhypen-brought-the-heat-back/07-01m14s.jpg,,7
enhypen-brought-the-heat-back,still,/assets/works/enhypen-brought-the-heat-back/08-01m22s.jpg,,8
enhypen-brought-the-heat-back,still,/assets/works/enhypen-brought-the-heat-back/09-01m28s.jpg,,9
enhypen-brought-the-heat-back,still,/assets/works/enhypen-brought-the-heat-back/10-02m13s.jpg,,10
enhypen-brought-the-heat-back,still,/assets/works/enhypen-brought-the-heat-back/11-02m20s.jpg,,11
enhypen-brought-the-heat-back,still,/assets/works/enhypen-brought-the-heat-back/12-02m32s.jpg,,12
enhypen-brought-the-heat-back,still,/assets/works/enhypen-brought-the-heat-back/13-02m59s.jpg,,13
enhypen-XO,still,/assets/works/enhypen-XO/01-main.jpg,,1
enhypen-XO,still,/assets/works/enhypen-XO/02-00m22s.jpg,,2
enhypen-XO,still,/assets/works/enhypen-XO/03-00m28s.jpg,,3
enhypen-XO,still,/assets/works/enhypen-XO/04-00m36s.jpg,,4
enhypen-XO,still,/assets/works/enhypen-XO/05-00m53s.jpg,,5
enhypen-XO,still,/assets/works/enhypen-XO/06-00m56s.jpg,,6
enhypen-XO,still,/assets/works/enhypen-XO/07-01m14s.jpg,,7
enhypen-XO,still,/assets/works/enhypen-XO/08-01m21s.jpg,,8
enhypen-XO,still,/assets/works/enhypen-XO/09-01m35s.jpg,,9
enhypen-XO,still,/assets/works/enhypen-XO/10-01m42s.jpg,,10
enhypen-XO,still,/assets/works/enhypen-XO/11-02m00s.jpg,,11
enhypen-XO,still,/assets/works/enhypen-XO/12-02m04s.jpg,,12
enhypen-XO,still,/assets/works/enhypen-XO/13-02m31s.jpg,,13
enhypen-XO,still,/assets/works/enhypen-XO/14-03m13s.jpg,,14
enhypen-XO,still,/assets/works/enhypen-XO/15-03m26s.jpg,,15
enhypen-XO,still,/assets/works/enhypen-XO/16-03m37s.jpg,,16
enhypen-XO,still,/assets/works/enhypen-XO/17-03m43s.jpg,,17
enhypen-XO,still,/assets/works/enhypen-XO/18-03m54s.jpg,,18
enhypen-XO,still,/assets/works/enhypen-XO/19-04m19s.jpg,,19
enhypen-concept-cinema,still,/assets/works/enhypen-concept-cinema/01-main.jpg,,1
enhypen-concept-cinema,still,/assets/works/enhypen-concept-cinema/02-00m34s.jpg,,2
enhypen-concept-cinema,still,/assets/works/enhypen-concept-cinema/03-02m49s.jpg,,3
enhypen-concept-cinema,still,/assets/works/enhypen-concept-cinema/04-02m58s.jpg,,4
enhypen-concept-cinema,still,/assets/works/enhypen-concept-cinema/05-03m01s.jpg,,5
enhypen-concept-cinema,still,/assets/works/enhypen-concept-cinema/06-03m08s.jpg,,6
enhypen-concept-cinema,still,/assets/works/enhypen-concept-cinema/07-03m14s.jpg,,7
enhypen-concept-cinema,still,/assets/works/enhypen-concept-cinema/08-03m16s.jpg,,8
enhypen-concept-cinema,still,/assets/works/enhypen-concept-cinema/09-03m18s.jpg,,9
enhypen-concept-cinema,still,/assets/works/enhypen-concept-cinema/10-03m23s.jpg,,10
enhypen-concept-cinema,still,/assets/works/enhypen-concept-cinema/11-03m30s.jpg,,11
enhypen-concept-cinema,still,/assets/works/enhypen-concept-cinema/12-03m32s.jpg,,12
enhypen-concept-cinema,still,/assets/works/enhypen-concept-cinema/13-03m35s.jpg,,13
enhypen-concept-cinema,still,/assets/works/enhypen-concept-cinema/14-03m37s.jpg,,14
enhypen-concept-cinema,still,/assets/works/enhypen-concept-cinema/15-03m40s.jpg,,15
enhypen-concept-cinema,still,/assets/works/enhypen-concept-cinema/16-03m42s.jpg,,16
enhypen-concept-cinema,still,/assets/works/enhypen-concept-cinema/17-06m13s.jpg,,17
enhypen-concept-cinema,still,/assets/works/enhypen-concept-cinema/18-06m50s.jpg,,18
enhypen-concept-cinema,still,/assets/works/enhypen-concept-cinema/19-07m04s.jpg,,19
enhypen-concept-cinema,still,/assets/works/enhypen-concept-cinema/20-09m45s.jpg,,20
enhypen-concept-cinema,still,/assets/works/enhypen-concept-cinema/21-09m48s.jpg,,21
enhypen-concept-cinema,still,/assets/works/enhypen-concept-cinema/22-10m26s.jpg,,22
enhypen-concept-cinema,still,/assets/works/enhypen-concept-cinema/23-00m32s.jpg,,23
enhypen-concept-cinema,still,/assets/works/enhypen-concept-cinema/24-00m36s.jpg,,24
enhypen-concept-cinema,still,/assets/works/enhypen-concept-cinema/25-00m58s.jpg,,25
enhypen-concept-cinema,still,/assets/works/enhypen-concept-cinema/26-01m14s.jpg,,26
enhypen-concept-cinema,still,/assets/works/enhypen-concept-cinema/27-01m35s.jpg,,27
enhypen-concept-cinema,still,/assets/works/enhypen-concept-cinema/28-01m57s.jpg,,28
enhypen-concept-cinema,still,/assets/works/enhypen-concept-cinema/29-02m17s.jpg,,29
enhypen-concept-cinema,still,/assets/works/enhypen-concept-cinema/30-02m34s.jpg,,30
enhypen-concept-cinema,still,/assets/works/enhypen-concept-cinema/31-03m20s.jpg,,31
enhypen-concept-cinema,still,/assets/works/enhypen-concept-cinema/32-04m43s.jpg,,32
enhypen-concept-cinema,still,/assets/works/enhypen-concept-cinema/33-05m34s.jpg,,33
enhypen-concept-cinema,still,/assets/works/enhypen-concept-cinema/34-06m06s.jpg,,34
enhypen-concept-cinema,still,/assets/works/enhypen-concept-cinema/35-07m18s.jpg,,35
enhypen-concept-cinema,still,/assets/works/enhypen-concept-cinema/36-08m08s.jpg,,36
enhypen-concept-cinema,still,/assets/works/enhypen-concept-cinema/37-08m38s.jpg,,37
enhypen-romance-untold-preview,still,/assets/works/enhypen-romance-untold-preview/01-main.jpg,,1
enhypen-romance-untold-preview,still,/assets/works/enhypen-romance-untold-preview/02-00m03s.jpg,,2
enhypen-romance-untold-preview,still,/assets/works/enhypen-romance-untold-preview/03-00m57s.jpg,,3
enhypen-romance-untold-preview,still,/assets/works/enhypen-romance-untold-preview/04-01m33s.jpg,,4
enhypen-romance-untold-preview,still,/assets/works/enhypen-romance-untold-preview/05-01m55s.jpg,,5
enhypen-romance-untold-preview,still,/assets/works/enhypen-romance-untold-preview/06-02m26s.jpg,,6
enhypen-romance-untold-preview,still,/assets/works/enhypen-romance-untold-preview/07-03m35s.jpg,,7
enhypen-romance-untold-preview,still,/assets/works/enhypen-romance-untold-preview/08-04m05s.jpg,,8
ojat-styling-01,still,/assets/works/ojat-styling-01/01-main.jpeg,,1
ojat-styling-01,still,/assets/works/ojat-styling-01/02-img-0286.jpeg,,2
ojat-styling-01,still,/assets/works/ojat-styling-01/03-img-0287.jpeg,,3
ojat-styling-01,still,/assets/works/ojat-styling-01/04-img-0289.jpeg,,4
ojat-styling-01,still,/assets/works/ojat-styling-01/05-img-0290.jpeg,,5
ojat-styling-01,still,/assets/works/ojat-styling-01/06-img-0291.jpeg,,6
ojat-lookbook-2021,still,/assets/works/ojat-lookbook-2021/01-main.jpeg,,1
ojat-lookbook-2021,still,/assets/works/ojat-lookbook-2021/02-w-pose-01.jpeg,,2
ojat-lookbook-2021,still,/assets/works/ojat-lookbook-2021/03-w-pose-02.jpeg,,3
ojat-lookbook-2021,still,/assets/works/ojat-lookbook-2021/04-w-pose-03.jpeg,,4
ojat-lookbook-2021,still,/assets/works/ojat-lookbook-2021/05-w-pose-04.jpeg,,5
ojat-lookbook-2021,still,/assets/works/ojat-lookbook-2021/06-w-pose-05.jpeg,,6
ojat-lookbook-2021,still,/assets/works/ojat-lookbook-2021/07-w-pose-06.jpeg,,7
ojat-lookbook-2021,still,/assets/works/ojat-lookbook-2021/08-w-pose-07.jpeg,,8
ojat-lookbook-2021,still,/assets/works/ojat-lookbook-2021/09-w-pose-08.jpeg,,9
ojat-lookbook-2021,still,/assets/works/ojat-lookbook-2021/10-w-pose-09.jpeg,,10
ojat-lookbook-2021,still,/assets/works/ojat-lookbook-2021/11-w-pose-10.jpeg,,11
ojat-lookbook-2021,still,/assets/works/ojat-lookbook-2021/12-w-pose-11.jpeg,,12
ojat-lookbook-2021,still,/assets/works/ojat-lookbook-2021/13-w-pose-13.jpeg,,13
ojat-lookbook-2021,still,/assets/works/ojat-lookbook-2021/14-w-pose-14.jpeg,,14
ojat-lookbook-2021,still,/assets/works/ojat-lookbook-2021/15-w-pose-15.jpeg,,15
ojat-lookbook-2021,still,/assets/works/ojat-lookbook-2021/16-w-pose-16.jpeg,,16
ojat-lookbook-2021,still,/assets/works/ojat-lookbook-2021/17-cover-1.jpeg,,17
ojat-lookbook-2021,still,/assets/works/ojat-lookbook-2021/18-cover-2.jpeg,,18
ojat-lookbook-2021,still,/assets/works/ojat-lookbook-2021/19-lineup-1.jpeg,,19
ojat-lookbook-2021,still,/assets/works/ojat-lookbook-2021/20-lineup-2.jpeg,,20
ojat-lookbook-2021,still,/assets/works/ojat-lookbook-2021/21-duo-pose.jpeg,,21
ojat-lookbook-2021-editorial,still,/assets/works/ojat-lookbook-2021-editorial/01-main.jpeg,,1
ojat-lookbook-2021-editorial,still,/assets/works/ojat-lookbook-2021-editorial/02-concepts-01.jpeg,,2
ojat-lookbook-2021-editorial,still,/assets/works/ojat-lookbook-2021-editorial/03-concepts-02.jpeg,,3
ojat-lookbook-2021-editorial,still,/assets/works/ojat-lookbook-2021-editorial/04-concepts-03.jpeg,,4
ojat-lookbook-2021-editorial,still,/assets/works/ojat-lookbook-2021-editorial/05-concepts-05.jpeg,,5
ojat-lookbook-2021-editorial,still,/assets/works/ojat-lookbook-2021-editorial/06-concepts-06.jpeg,,6
ojat-lookbook-2021-editorial,still,/assets/works/ojat-lookbook-2021-editorial/07-concepts-07.jpeg,,7
ojat-lookbook-2021-editorial,still,/assets/works/ojat-lookbook-2021-editorial/08-concepts-08.jpeg,,8
ojat-lookbook-2021-editorial,still,/assets/works/ojat-lookbook-2021-editorial/09-concepts-09.jpeg,,9
ojat-lookbook-2021-editorial,still,/assets/works/ojat-lookbook-2021-editorial/10-whole-2.jpeg,,10
ojat-lookbook-2021-editorial,still,/assets/works/ojat-lookbook-2021-editorial/11-concepts-11.jpeg,,11
ojat-lookbook-2021-development,still,/assets/works/ojat-lookbook-2021-development/01-research-1.jpeg,,1
ojat-lookbook-2021-development,still,/assets/works/ojat-lookbook-2021-development/02-research-2.jpeg,,2
ojat-lookbook-2021-development,still,/assets/works/ojat-lookbook-2021-development/03-silhouette-study.jpeg,,3
ojat-lookbook-2021-development,still,/assets/works/ojat-lookbook-2021-development/04-materials-develop.jpeg,,4
ojat-lookbook-2021-development,still,/assets/works/ojat-lookbook-2021-development/05-illustration.jpeg,,5
ojat-lookbook-2021-development,still,/assets/works/ojat-lookbook-2021-development/06-fittings.jpeg,,6
ojat-lookbook-2020,still,/assets/works/ojat-lookbook-2020/01-main.jpeg,,1
ojat-lookbook-2020,still,/assets/works/ojat-lookbook-2020/02-img-5070.jpeg,,2
ojat-lookbook-2020,still,/assets/works/ojat-lookbook-2020/03-img-5071.jpeg,,3
ojat-lookbook-2020,still,/assets/works/ojat-lookbook-2020/04-img-5073.jpeg,,4
ojat-lookbook-2020,still,/assets/works/ojat-lookbook-2020/05-img-5075.jpeg,,5
ojat-lookbook-2020,still,/assets/works/ojat-lookbook-2020/06-img-5077.jpeg,,6
ojat-lookbook-2020,still,/assets/works/ojat-lookbook-2020/07-img-5078.jpeg,,7
ojat-lookbook-2020,still,/assets/works/ojat-lookbook-2020/08-img-5080.jpeg,,8
ojat-lookbook-2020,still,/assets/works/ojat-lookbook-2020/09-img-5081.jpeg,,9
ojat-lookbook-2020,still,/assets/works/ojat-lookbook-2020/10-img-5082.jpeg,,10
ojat-lookbook-2020,still,/assets/works/ojat-lookbook-2020/11-img-5083.jpeg,,11
ojat-lookbook-2020,still,/assets/works/ojat-lookbook-2020/12-img-5086.jpeg,,12
ojat-lookbook-2020,still,/assets/works/ojat-lookbook-2020/13-img-5088.jpeg,,13
ojat-lookbook-2020,still,/assets/works/ojat-lookbook-2020/14-img-5089.jpeg,,14
ojat-lookbook-2020,still,/assets/works/ojat-lookbook-2020/15-img-5090.jpeg,,15
ojat-lookbook-2020,still,/assets/works/ojat-lookbook-2020/16-img-5091.jpeg,,16
ojat-lookbook-2020,still,/assets/works/ojat-lookbook-2020/17-img-5093.jpeg,,17
ojat-lookbook-2020,still,/assets/works/ojat-lookbook-2020/18-img-5094.jpeg,,18
ojat-lookbook-2020,still,/assets/works/ojat-lookbook-2020/19-img-5097.jpeg,,19
ojat-lookbook-2020,still,/assets/works/ojat-lookbook-2020/20-img-5098.jpeg,,20
ojat-lookbook-2020,still,/assets/works/ojat-lookbook-2020/21-img-5099.jpeg,,21
ojat-lookbook-2020,still,/assets/works/ojat-lookbook-2020/22-img-5100.jpeg,,22
ojat-lookbook-2020,still,/assets/works/ojat-lookbook-2020/23-img-5101.jpeg,,23
ojat-lookbook-2020,still,/assets/works/ojat-lookbook-2020/24-img-5103.jpeg,,24
ojat-lookbook-2020,still,/assets/works/ojat-lookbook-2020/25-img-5105.jpeg,,25
ojat-lookbook-2020,still,/assets/works/ojat-lookbook-2020/26-img-5106.jpeg,,26
ojat-lookbook-2020,still,/assets/works/ojat-lookbook-2020/27-img-5107.jpeg,,27
ojat-lookbook-2020,still,/assets/works/ojat-lookbook-2020/28-img-5108.jpeg,,28
ojat-lookbook-2020,still,/assets/works/ojat-lookbook-2020/29-img-5109.jpeg,,29
ojat-lookbook-2020,still,/assets/works/ojat-lookbook-2020/30-img-5110.jpeg,,30
ojat-lookbook-2020,still,/assets/works/ojat-lookbook-2020/31-img-5111.jpeg,,31
ojat-lookbook-2020,still,/assets/works/ojat-lookbook-2020/32-img-5113.jpeg,,32
ojat-lookbook-2020,still,/assets/works/ojat-lookbook-2020/33-img-5114.jpeg,,33
ojat-lookbook-2020,still,/assets/works/ojat-lookbook-2020/34-img-5115.jpeg,,34
ojat-lookbook-2020,still,/assets/works/ojat-lookbook-2020/35-img-5116.jpeg,,35
ojat-lookbook-2020,still,/assets/works/ojat-lookbook-2020/36-img-5118.jpeg,,36
ojat-lookbook-2020,still,/assets/works/ojat-lookbook-2020/37-img-5119.jpeg,,37
ojat-lookbook-2020,still,/assets/works/ojat-lookbook-2020/38-img-5120.jpeg,,38
ojat-lookbook-2020,still,/assets/works/ojat-lookbook-2020/39-img-5121.jpeg,,39
ojat-lookbook-2020,still,/assets/works/ojat-lookbook-2020/40-img-5122.jpeg,,40
ojat-lookbook-2020-editorial,still,/assets/works/ojat-lookbook-2020-editorial/01-main.jpeg,,1
ojat-lookbook-2020-editorial,still,/assets/works/ojat-lookbook-2020-editorial/02-duo-eclipse.jpeg,,2
ojat-lookbook-2020-editorial,still,/assets/works/ojat-lookbook-2020-editorial/03-future-distopia-1836.jpeg,,3
ojat-lookbook-2020-editorial,still,/assets/works/ojat-lookbook-2020-editorial/04-future-distopia-1937.jpeg,,4
ojat-lookbook-2020-editorial,still,/assets/works/ojat-lookbook-2020-editorial/05-future-distopia-2183.jpeg,,5
ojat-lookbook-2020-editorial,still,/assets/works/ojat-lookbook-2020-editorial/06-future-distopia-2233.jpeg,,6
ojat-lookbook-2020-editorial,still,/assets/works/ojat-lookbook-2020-editorial/07-white-duo-1.jpeg,,7
ojat-lookbook-2020-editorial,still,/assets/works/ojat-lookbook-2020-editorial/08-white-duo-2.jpeg,,8
ojat-lookbook-2020-development,still,/assets/works/ojat-lookbook-2020-development/01-main.jpeg,,1
ojat-lookbook-2020-development,still,/assets/works/ojat-lookbook-2020-development/02-134.jpg,,2
ojat-lookbook-2020-development,still,/assets/works/ojat-lookbook-2020-development/03-portfolio-1.jpeg,,3
ojat-lookbook-2020-development,still,/assets/works/ojat-lookbook-2020-development/04-portfolio-2.jpeg,,4
ojat-lookbook-2020-development,still,/assets/works/ojat-lookbook-2020-development/05-portfolio-3.jpeg,,5
ojat-lookbook-2020-development,still,/assets/works/ojat-lookbook-2020-development/06-portfolio-4.jpeg,,6
ojat-magazine-pap,still,/assets/works/ojat-magazine-pap/01-main.jpeg,,1
ojat-magazine-pap,still,/assets/works/ojat-magazine-pap/02-img-0480.jpeg,,2
ojat-magazine-pap,still,/assets/works/ojat-magazine-pap/03-img-0481.jpeg,,3
ojat-magazine-pap,still,/assets/works/ojat-magazine-pap/04-img-0482.jpeg,,4
ojat-magazine-pap,still,/assets/works/ojat-magazine-pap/05-img-0483.jpeg,,5
ojat-magazine-pap,still,/assets/works/ojat-magazine-pap/06-img-0484.jpeg,,6
ojat-magazine-pap,still,/assets/works/ojat-magazine-pap/07-img-0485.jpeg,,7
ojat-magazine-pap,still,/assets/works/ojat-magazine-pap/08-img-0486.jpeg,,8
ojat-magazine-pap,still,/assets/works/ojat-magazine-pap/09-img-0487.jpeg,,9
ojat-magazine-pap,still,/assets/works/ojat-magazine-pap/10-img-0488.jpeg,,10
ojat-magazine-pap,still,/assets/works/ojat-magazine-pap/11-img-0490.jpeg,,11
ojat-magazine-pap,still,/assets/works/ojat-magazine-pap/12-img-0491.jpeg,,12
ojat-magazine-pap,still,/assets/works/ojat-magazine-pap/13-img-0492.jpeg,,13
ojat-magazine-pap,still,/assets/works/ojat-magazine-pap/14-img-0493.jpeg,,14
ojat-magazine-pap,still,/assets/works/ojat-magazine-pap/15-img-0494.jpeg,,15
ojat-magazine-pap,still,/assets/works/ojat-magazine-pap/16-img-0495.jpeg,,16
ojat-magazine-papalter,still,/assets/works/ojat-magazine-papalter/01-main.jpeg,,1
ojat-magazine-papalter,still,/assets/works/ojat-magazine-papalter/02-blue-look.jpeg,,2
ojat-magazine-papalter,still,/assets/works/ojat-magazine-papalter/03-hand-pose.jpeg,,3
ojat-magazine-papalter,still,/assets/works/ojat-magazine-papalter/04-sand-helmet.jpeg,,4
ojat-magazine-papalter,still,/assets/works/ojat-magazine-papalter/05-orb-closeup.jpeg,,5
ojat-magazine-papalter,still,/assets/works/ojat-magazine-papalter/06-orb-detail.jpeg,,6
ojat-magazine-papalter,still,/assets/works/ojat-magazine-papalter/07-orb-reflection.jpeg,,7
ojat-magazine-papalter,still,/assets/works/ojat-magazine-papalter/08-orb-hands.jpeg,,8
ojat-magazine-papalter,still,/assets/works/ojat-magazine-papalter/09-portrait-lean.jpeg,,9
ojat-magazine-papalter,still,/assets/works/ojat-magazine-papalter/10-orb-side.jpeg,,10
ojat-magazine-papalter,still,/assets/works/ojat-magazine-papalter/11-nerf-look.jpeg,,11
ojat-magazine-yunwhay,still,/assets/works/ojat-magazine-yunwhay/01-img-0243.jpg,,1
ojat-magazine-yunwhay,still,/assets/works/ojat-magazine-yunwhay/02-img-0244.jpg,,2
ojat-magazine-yunwhay,still,/assets/works/ojat-magazine-yunwhay/03-img-0245.jpg,,3
ojat-magazine-yunwhay,still,/assets/works/ojat-magazine-yunwhay/04-img-0246.jpg,,4
ojat-magazine-yunwhay,still,/assets/works/ojat-magazine-yunwhay/05-img-0247.jpg,,5
ojat-magazine-yunwhay,still,/assets/works/ojat-magazine-yunwhay/06-img-0248.jpg,,6
ojat-magazine-yunwhay,still,/assets/works/ojat-magazine-yunwhay/07-img-0250.jpg,,7
ojat-magazine-yunwhay,still,/assets/works/ojat-magazine-yunwhay/08-img-0252.jpg,,8
ojat-magazine-yunwhay,still,/assets/works/ojat-magazine-yunwhay/09-img-0254.jpg,,9
ojat-magazine-yunwhay,still,/assets/works/ojat-magazine-yunwhay/10-img-0257.jpg,,10
ojat-magazine-babyyana,still,/assets/works/ojat-magazine-babyyana/01-main.jpg,,1
ojat-magazine-babyyana,still,/assets/works/ojat-magazine-babyyana/02-img-0293.jpeg,,2
ojat-magazine-chorong,still,/assets/works/ojat-magazine-chorong/01-main.jpg,,1
ojat-magazine-chorong,still,/assets/works/ojat-magazine-chorong/02-img-0688.jpeg,,2
ojat-magazine-schön,still,/assets/works/ojat-magazine-schon/01-main.jpg,,1
ojat-magazine-schön,still,/assets/works/ojat-magazine-schon/02-walk.jpg,,2
ojat-magazine-schön,still,/assets/works/ojat-magazine-schon/03-standing.jpg,,3
ojat-magazine-jerd,still,/assets/works/ojat-magazine-jerd/01-main.jpg,,1
ojat-magazine-jerd,still,/assets/works/ojat-magazine-jerd/02-black-look.jpg,,2
ojat-magazine-jerd,still,/assets/works/ojat-magazine-jerd/03-pink-stage.jpg,,3
ojat-magazine-nain,still,/assets/works/ojat-magazine-nain/01-main.jpeg,,1
ojat-magazine-nain,still,/assets/works/ojat-magazine-nain/02-img-1322.jpeg,,2
ojat-magazine-nain,still,/assets/works/ojat-magazine-nain/03-img-1323.jpeg,,3
ojat-magazine-nain,still,/assets/works/ojat-magazine-nain/04-img-1325.jpeg,,4
ojat-magazine-nain,still,/assets/works/ojat-magazine-nain/05-img-1326.jpeg,,5
ojat-magazine-nain,still,/assets/works/ojat-magazine-nain/06-img-1327.jpeg,,6
ojat-magazine-nain,still,/assets/works/ojat-magazine-nain/07-img-1328.jpeg,,7
ojat-magazine-nain,still,/assets/works/ojat-magazine-nain/08-img-1329.jpeg,,8
ojat-magazine-yena,still,/assets/works/ojat-magazine-yena/01-main.jpg,,1
ojat-magazine-ugg,still,/assets/works/ojat-magazine-ugg/01-main.jpg,,1
ojat-magazine-ugg,still,/assets/works/ojat-magazine-ugg/02-pink-recline.jpg,,2
ojat-magazine-ugg,still,/assets/works/ojat-magazine-ugg/03-white-look.jpg,,3
ojat-magazine-ugg,still,/assets/works/ojat-magazine-ugg/04-pink-crop.jpg,,4
ojat-magazine-ugg,still,/assets/works/ojat-magazine-ugg/05-green-look.jpg,,5
ojat-magazine-ugg,still,/assets/works/ojat-magazine-ugg/06-black-sandals.jpg,,6
ojat-magazine-ugg,still,/assets/works/ojat-magazine-ugg/07-pink-sole.jpg,,7
ojat-magazine-bomi,still,/assets/works/ojat-magazine-bomi/01-main.jpg,,1
ojat-magazine-bomi,still,/assets/works/ojat-magazine-bomi/02-hat-closeup.jpg,,2
ojat-magazine-breakmag,still,/assets/works/ojat-magazine-breakmag/01-main.jpeg,,1
ojat-magazine-breakmag,still,/assets/works/ojat-magazine-breakmag/02-00m05s.jpeg,,2
ojat-magazine-breakmag,still,/assets/works/ojat-magazine-breakmag/03-01m15s.jpeg,,3
ojat-magazine-breakmag,still,/assets/works/ojat-magazine-breakmag/04-red-wall.jpeg,,4
ojat-magazine-cakemag,still,/assets/works/ojat-magazine-cakemag/01-main.jpeg,,1
ojat-magazine-cakemag,still,/assets/works/ojat-magazine-cakemag/02-green-skirt.jpeg,,2
ojat-magazine-cakemag,still,/assets/works/ojat-magazine-cakemag/03-moto-closeup.jpeg,,3
ojat-magazine-cakemag,still,/assets/works/ojat-magazine-cakemag/04-wall-look.jpeg,,4
ojat-magazine-cakemag,still,/assets/works/ojat-magazine-cakemag/05-blue-look.jpeg,,5
ojat-magazine-cakemag,still,/assets/works/ojat-magazine-cakemag/06-glasses-closeup.jpeg,,6
ojat-magazine-cakemag,still,/assets/works/ojat-magazine-cakemag/07-box-look.jpeg,,7
ojat-magazine-cakemag,still,/assets/works/ojat-magazine-cakemag/08-box-detail.jpeg,,8
vfx-2025-xg,still,/assets/works/vfx-2025-xg/01-main.png,,2
vfx-2025-xg,still,/assets/works/vfx-2025-xg/02-close-black.png,,3
vfx-2025-xg,still,/assets/works/vfx-2025-xg/03-crystal-close.png,,4
vfx-2025-xg,still,/assets/works/vfx-2025-xg/04-crystal-wide.png,,5
vfx-2025-xg,video,/assets/works/vfx-2025-xg/01-main.mov,,1
vfx-2025-aesop,still,/assets/works/vfx-2025-aesop/01-aesop-sign.png,,2
vfx-2025-aesop,still,/assets/works/vfx-2025-aesop/02-aesop-display.png,,3
vfx-2025-aesop,video,/assets/works/vfx-2025-aesop/01-main.mp4,,1
vfx-2026-showreel,still,/assets/works/vfx-2026-showreel/01-full-ai-blue.png,,2
vfx-2026-showreel,still,/assets/works/vfx-2026-showreel/02-kyuto-eye.png,,3
vfx-2026-showreel,still,/assets/works/vfx-2026-showreel/03-flower-face.png,,4
vfx-2026-showreel,still,/assets/works/vfx-2026-showreel/04-red-kyuto.png,,5
vfx-2026-showreel,still,/assets/works/vfx-2026-showreel/05-glass-orbs.png,,6
vfx-2026-showreel,still,/assets/works/vfx-2026-showreel/06-organic-eye.png,,7
vfx-2026-showreel,video,/assets/works/vfx-2026-showreel/01-main.mp4,,1
vfx-2026-lunanewyear,still,/assets/works/vfx-2026-lunanewyear/01-horse-closeup.png,,2
vfx-2026-lunanewyear,still,/assets/works/vfx-2026-lunanewyear/02-horse-title.png,,3
vfx-2026-lunanewyear,still,/assets/works/vfx-2026-lunanewyear/03-rose-garden.png,,4
vfx-2026-lunanewyear,still,/assets/works/vfx-2026-lunanewyear/04-side-profile-roses.png,,5
vfx-2026-lunanewyear,still,/assets/works/vfx-2026-lunanewyear/05-title-card.png,,6
vfx-2026-lunanewyear,video,/assets/works/vfx-2026-lunanewyear/01-main.mp4,,1
vfx-2025-kiiikiii,still,/assets/works/vfx-2025-kiiikiii/01-main.png,,2
vfx-2025-kiiikiii,still,/assets/works/vfx-2025-kiiikiii/02-floral-splash.png,,3
vfx-2025-kiiikiii,still,/assets/works/vfx-2025-kiiikiii/03-water-splash.png,,4
vfx-2025-kiiikiii,still,/assets/works/vfx-2025-kiiikiii/04-blackberry-closeup.png,,5
vfx-2025-kiiikiii,still,/assets/works/vfx-2025-kiiikiii/05-white-object.png,,6
vfx-2025-kiiikiii,still,/assets/works/vfx-2025-kiiikiii/06-cloud-fruit.png,,7
vfx-2025-kiiikiii,still,/assets/works/vfx-2025-kiiikiii/07-dragonfruit-closeup.png,,8
vfx-2025-kiiikiii,still,/assets/works/vfx-2025-kiiikiii/08-flower-cloud.png,,9
vfx-2025-kiiikiii,video,/assets/works/vfx-2025-kiiikiii/01-main.mp4,,1
vfx-2025-nike,still,/assets/works/vfx-2025-nike/01-lake-opening.png,,2
vfx-2025-nike,still,/assets/works/vfx-2025-nike/02-grass-detail.png,,3
vfx-2025-nike,still,/assets/works/vfx-2025-nike/03-lakeside-box.png,,4
vfx-2025-nike,still,/assets/works/vfx-2025-nike/04-nike-box-logo.png,,5
vfx-2025-nike,still,/assets/works/vfx-2025-nike/05-nike-box-top.png,,6
vfx-2025-nike,video,/assets/works/vfx-2025-nike/01-main.mp4,,1
vfx-2025-vivienne,still,/assets/works/vfx-2025-vivienne/01-main.png,,2
vfx-2025-vivienne,still,/assets/works/vfx-2025-vivienne/02-blue-forest-light.png,,3
vfx-2025-vivienne,still,/assets/works/vfx-2025-vivienne/03-teal-forest.png,,4
vfx-2025-vivienne,still,/assets/works/vfx-2025-vivienne/04-orange-forest-lights.png,,5
vfx-2025-vivienne,still,/assets/works/vfx-2025-vivienne/05-red-forest-glow.png,,6
vfx-2025-vivienne,video,/assets/works/vfx-2025-vivienne/01-main.mp4,,1
vfx-2026-iyodrama,video,/assets/works/vfx-2026-iyodrama/01-main.mp4,,1
vfx-2026-cortis-redred,video,/assets/works/vfx-2026-cortis-redred/01-main.mp4,,1
vfx-2026-newjeans,video,/assets/works/vfx-2026-newjeans/01-main.mp4,,1
vfx-2026-bangbang,video,/assets/works/vfx-2026-bangbang/01-main.mp4,,1
vfx-2026-lesserafim,video,/assets/works/vfx-2026-lesserafim/01-main.mp4,,1
ohir-brand-film,still,/assets/works/ohir-brand-film/01-white-flowers.png,,2
ohir-brand-film,still,/assets/works/ohir-brand-film/02-glass-droplet.png,,3
ohir-brand-film,still,/assets/works/ohir-brand-film/03-glass-flower-device.png,,4
ohir-brand-film,still,/assets/works/ohir-brand-film/04-toner-bottle.png,,5
ohir-brand-film,still,/assets/works/ohir-brand-film/05-lab-apparatus.png,,6
ohir-brand-film,still,/assets/works/ohir-brand-film/06-ampoule-bottle.png,,7
ohir-brand-film,still,/assets/works/ohir-brand-film/07-cream-jar.png,,8
ohir-brand-film,still,/assets/works/ohir-brand-film/08-brand-logo-flower.png,,9
ohir-brand-film,video,/assets/works/ohir-brand-film/01-main.mp4,,1
vfx-2026-aespaphoto,video,/assets/works/vfx-2026-aespaphoto/01-main.mp4,,1
vfx-2026-aespaphoto,video,/assets/works/vfx-2026-aespaphoto/02.mp4,,2
vfx-2026-aespaphoto,video,/assets/works/vfx-2026-aespaphoto/03.mp4,,3
vfx-2026-aespaphoto,video,/assets/works/vfx-2026-aespaphoto/04.mp4,,4
vfx-2026-aespaphoto,still,/assets/works/vfx-2026-aespaphoto/05.png,,5
vfx-2026-aespaphoto,still,/assets/works/vfx-2026-aespaphoto/06.png,,6
vfx-2026-aespaphoto,still,/assets/works/vfx-2026-aespaphoto/07.png,,7
vfx-2026-aespaphoto,still,/assets/works/vfx-2026-aespaphoto/08.png,,8
ohir-brand-filmalter,video,/assets/works/ohir-brand-filmalter/01-main.mp4,,1
ohir-brand-filmalter,still,/assets/works/ohir-brand-filmalter/02.jpg,,2
ohir-brand-filmalter,still,/assets/works/ohir-brand-filmalter/03.jpg,,3
ohir-brand-filmalter,still,/assets/works/ohir-brand-filmalter/04.jpg,,4
ohir-brand-filmalter,still,/assets/works/ohir-brand-filmalter/05.jpg,,5
ohir-brand-filmalter,still,/assets/works/ohir-brand-filmalter/06.jpg,,6
vfx-2026-kyuto-butterflyland,video,/assets/works/vfx-2026-kyuto-butterflyland/01-main.mp4,,1
vfx-2026-kyuto-butterflyland,still,/assets/works/vfx-2026-kyuto-butterflyland/02.jpg,,2
vfx-2026-kyuto-butterflyland,still,/assets/works/vfx-2026-kyuto-butterflyland/03.jpg,,3
vfx-2026-kyuto-butterflyland,still,/assets/works/vfx-2026-kyuto-butterflyland/04.jpg,,4
vfx-2026-kyuto-butterflyland,still,/assets/works/vfx-2026-kyuto-butterflyland/05.jpg,,5
vfx-2026-kyuto-butterflyland,still,/assets/works/vfx-2026-kyuto-butterflyland/06.jpg,,6
vfx-2026-kyuto-butterflyland,still,/assets/works/vfx-2026-kyuto-butterflyland/07.jpg,,7
vfx-2026-kyuto-cafe,video,/assets/works/vfx-2026-kyuto-cafe/01-main.mp4,,1
vfx-2026-kyuto-cafe,still,/assets/works/vfx-2026-kyuto-cafe/02.jpg,,2
vfx-2026-kyuto-cafe,still,/assets/works/vfx-2026-kyuto-cafe/03.jpg,,3
vfx-2026-kyuto-cafe,still,/assets/works/vfx-2026-kyuto-cafe/04.jpg,,4
vfx-2026-kyuto-cafe,still,/assets/works/vfx-2026-kyuto-cafe/05.jpg,,5
vfx-2026-kyuto-cafe,still,/assets/works/vfx-2026-kyuto-cafe/06.jpg,,6
vfx-2026-kyuto-cafe,still,/assets/works/vfx-2026-kyuto-cafe/07.jpg,,7
vfx-2026-kyuto-rabbit,video,/assets/works/vfx-2026-kyuto-rabbit/01-main.mp4,,1
vfx-2026-kyuto-rabbit,still,/assets/works/vfx-2026-kyuto-rabbit/02.jpg,,2
vfx-2026-kyuto-rabbit,still,/assets/works/vfx-2026-kyuto-rabbit/03.jpg,,3
vfx-2026-kyuto-rabbit,still,/assets/works/vfx-2026-kyuto-rabbit/04.jpg,,4
vfx-2026-kyuto-rabbit,still,/assets/works/vfx-2026-kyuto-rabbit/05.jpg,,5
vfx-2026-kyuto-rabbit,still,/assets/works/vfx-2026-kyuto-rabbit/06.jpg,,6
vfx-2026-kyuto-rabbit,still,/assets/works/vfx-2026-kyuto-rabbit/07.jpg,,7
vfx-2026-kyuto-rabbit,still,/assets/works/vfx-2026-kyuto-rabbit/08.jpg,,8
vfx-2026-kyuto-rabbit,still,/assets/works/vfx-2026-kyuto-rabbit/09.jpg,,9
